"Bahasa Indonesia","Boso Kudusan"
"Jauh.","Adoh."
"Jauh Sekali.","Uaduh."
"Tidak Tahu.","Amboh."
"Tidak mengerti.","Emboh."
"Masuk kedalam tanah.","Ambles."
"Dengan.","Ambi."
"Kocar-kacir.","Ambyar."
"Rusak.","Amoh."
"Antri.","Andri."
"Memang.","Ancen."
"Memang.","Pancen."
"Pukuli.","Antemi."
"Tawar.","Anyep."
"Akan.","Ape."
"Rusak.","Amoh."
"Mempertanyakan.","Arahem."
"Malas.","Aras - Arasen."
"Betina.","Babon."
"Coba.","Bajal."
"Coba.","Jajal."
"Hyperaktif.","Bedigasan."
"Sebutan untuk cewek.","Belek."
"Memakai Lipstick.","Bengesan."
"Anak ikan gabus.","Benguk."
"Retak.","Banthet."
"Permainan anak - anak dari bilah kayu.","Benthink."
"Terang sekali.","Bentir."
"Jelek.","Berek."
"Ketela Goreng.","Blanggem."
"Debu yang berterbangan.","Bledug."
"Kotak yang terbuat dari logam tipis.","Blek."
"Tidak pelit.","Breh."
"Tidak pelit.","Ora Pelit."
"Benang.","Bolah."
"Berontak. ","Budi."
"Nyumbang.","Bowoh."
"Peci.","Bladu."
"Motor.","Brompit."
"Mulut.","Cangkem."
"Jatuh.","Ceblok."
"Dekat.","Cedak."
"Dekat.","Cerak."
"Dekat sekali.","Ciduk."
"Dekat sekali.","Ciruk."
"Dekat sekali.","Piruk."
"Anak kambing.","Cempe."
"Tembem.","Cempluk."
"Kaleng.","Cepon."
"Menghajar.","Ciak."
"Makan.","Ciak."
"Gigit.","Cokot."
"Akar dari pohon.","Dangkel."
"Muka.","Dapur."
"Bodoh.","Dhedel."
"Goblok.","Dhedel."
"Pangkal bambu.","Dugel."
"Tendang pakai tumit.","Dupak."
"Kertas.","Deluwang."
"Lampu.","Dilah."
"Kursi kecil.","Dingklik."
"Tebar pesona.","Engkek."
"Senjata tajam.","Gaman."
"Kejar.","Gudag."
"Cepat.","Gage."
"Pematang.","Galeng."
"Menghantamkan sesuatu ke kepala seseorang.","Gedig."
"Cengeng.","Gembeng."
"Panggilan anak balita laki-laki.","Gembhut."
"Kelabakan.","Gendadapan."
"Tarik.","Geret."
"Hajar.","Gibal."
"Tinju.","Gitik."
"Palu besar.","Godem."
"Palu besar.","Godam."
"Jengkel.","Gonduk."
"Tempat orang punya hajat.","Gong."
"Tidak pernah mandi.","Gondes."
"Monyet hitam.","Gondes."
"Kejar.","Gudak."
"Jigong.","Gudal."
"Anak kerbau.","Gudel."
"Kaos kaki.","Guik."
"Kotor.","Gujid."
"Tebing yang curam.","Gumping."
"Kesemutan.","Gringgingen."
"Katanya.","Harene."
"Iya kan.","Hera."
"Oon.","Hola-holo."
"Belum.","Durung."
"Belum.","Hurung."
"Kipas.","Ibit."
"Biasa dilakukan.","Indhen."
"Pelan-pelan.","Iren-iren."
"Hitam.","Ireng."
"Sangat hitam.","Iteng."
"Hitam pekat.","Ites."
"Lompat karet.","Jalbu."
"Hitam pekat.","Jalithenk."
"Ditendang pas pantatnya.","Janthur."
"Air panas.","Jarang."
"Jalan belumpur.","Jebbok."
"Anak katak yang masih belum punya kaki.","Jegedol."
"Cekung pada permukaan tanah untuk penampungan sampah.","Jegong."
"Mendorong kepada orang lain dengan maksud melecehkan","Jengguk."
"Bak kamar mandi.","Jeding."
"Kedinginan.","Jethututen."
"Sisir.","Jongkat."
"Menyisir rambut.","Jongkat-an."
"Tidak mau berteman.","Jothak."
"Jurang.","Judag."
"Alat seperti guci yang terbuat dari tanah.","Jun."
"Ruang tamu.","Jogan."
"Saputangan.","Kacu."
"Saputangan.","Setangan."
"Ungkapan kedongkolan.","Kakuati."
"Kunci.","Kancing."
"Goncang.","Kantrog."
"Bangun Kesiangan.","Karipan."
"Keblabasen.","Kelancor."
"Berhubungan suami istri.","Kembut."
"Gila.","Kenthir."
"Terbawa arus.","kentir."
"Terbawa arus.","Keli."
"Kotor.","Kethoh."
"Juling.","Kero."
"Berpakaian tak beraturan.","Klowor."
"Kedodoran.","Klowor."
"Tikar.","Kloso."
"Bisa.","Kodhak."
"Tidak bisa.","Ora Kodhak."
"Sayur lodeh.","Kothokan."
"Congek.","Kopok."
"Kamar mandi.","Kulah."
"Makanan yang biasanya dari sayuran.","Kuluban."
"Anak ayam.","Kuthuk"
"Ikan gabus.","Kutuk."
"Pisau.","Lading."
"Sepi.","Laip."
"Bibir.","Lambe."
"Halaman depan rumah.","Latar."
"Istirahat.","Laut."
"Tutup.","Lebi."
"Tanah berdebu.","Lebu."
"Basah kuyup.","Lebus."
"Basah kuyup.","Klebus."
"Sombong.","Ledalede."
"Sombong.","Kemaki."
"Kubangan.","Ledokan."
"Tanah liat.","Lempong."
"Lantai.","Lepo."
"Kursi panjang yang terbuat dari bambu.","Lincak."
"Minum langusung dituang dari cerek.","Longgo."
"Sejenis pohon yang tumbuh dideket perairan.","Lompong."
"Bongkahan tanah yang keras.","Lungko."
"Cari.","Luru."
"Kebon dibelakang rumah.","Lurung."
"Binatang berkaki seribu.","Luwe."
"Lapar.","Luwe."
"Glamour.","Maliter."
"Bergaya.","Maliter."
"Lima rupiah.","Mangpi."
"Menjemput.","Mapak."
"Mantap.","Marem."
"Gulita.","Mbededhet."
"Nakal.","Mbeling."
"Benjol.","Mbendolo."
"Menggoda.","Mbedo."
"Berkicau.","Mbetho."
"Banyak.","Mberuh."
"Perut begah.","Mbeseseg."
"Basi.","Mbedhedheg."
"Gaduh.","Mbribeni."
"Lari.","Mblandhang."
"Berantakan.","Mblasah."
"Berisik.","Mblegedhek."
"Membesar.","Mblendung."
"Tidak punya tanggung jawab.","Mbluboh."
"Keren.","Mbois."
"Menyala.","Mekan."
"Menegaskan kata sekali.","Mekakat."
"Merekah.","Mekrok."
"Berputar sangat kencang.","Menet."
"Berputar sangat kencang.","Senet."
"Tengkurap.","Mengkurep."
"Berpijar.","Mengengeh."
"Mencangkul.","Methal."
"Anak menthok.","Minthi."
"Nungging.","Mleding."
"Kangkang.","Mlengkang."
"Duduk.","Mlenguk."
"Besar mulut.","Mlepuk."
"Retak.","Mletek."
"Bengong.","Mlongo."
"Tidak pakai baju.","Mblonder."
"Terlentang.","Mlumah."
"Bolos sekolah.","Mblurut."
"Sangat.","Mrawasi."
"Menghawatirkan.","Ndawasi."
"Benjolan dikepala setelah kejedot.","Mrempul."
"Panggilan untuk gadis.","Muk."
"Cuma.","Mung."
"Sapaan persaudaraan.","Nda."
"Tanpa apapun.","Ndahndeh."
"Menergaskan kata sekali.","Neni."
"Jengkel.","Nggonduk."
"Curang.","Ndakik."
"Diam.","Nderok."
"Berdiam diri.","Tenguk-tenguk."
"Semakin parah.","Ndodro."
"Di.","Ndok."
"Kok.","Ndo'o."
"Lho.","Ndu."
"Gemetar.","Ndredeg."
"Tumben.","Nek umat."
"Anak ikan bandeng.","Nener."
"Menjaring ikan.","Nganco."
"Ngambil air.","Ngangsu."
"Mengeruk.","Ngedhuk."
"Belok mendadak dengan tajam.","Ngempot."
"Tempat yang tinggi.","Nggeneng."
"Duduk di tanah.","Ngepor-ngepor."
"Berputar setengah lingkaran sambil miring.","Ngepot."
"Menyisir tanah sawah supaya rata.","Nggaru."
"Panggilan untuk anak laki-laki.","Ngger."
"Duduk ditanah dengan alas seadanya.","Nggesor."
"Pemalas.","Ngglembohi."
"Pemalas.","Klemar-klemer."
"Meriang.","Nggreges."
"Bersungut-sungut.","Nggrundel."
"Bersungut-sungut.","Nggremeng."
"Membajak sawah.","Ngluku."
"Sok preman.","Ngorea."
"Memanjat naik.","Ngrekel."
"Banyak omong.","Ngroweng."
"Buncit.","Njembling."
"Lepas dari tempatnya.","Njepat."
"Berkoar asal bunyi.","Njeplak."
"Sengaja.","Njarak."
"Rame.","Nyarak."
"Listrik padam.","Oglangan."
"Berubah.","Owah."
"Tangga.","Ondo."
"Banyak.","Okeh."
"Banyak sekali.","Okih."
"Pancuran kecil.","Padasan."
"Dapur.","Pawon."
"Jemuran.","Pemean."
"Coba.","Pacak."
"Lempar.","Pathak."
"Penampungan air kotor.","Peceran."
"Tolol.","Pekok."
"Tolol.","klowor."
"Palu.","Penthik."
"Mentang-mentang.","Pereh."
"Abu-abu.","Perhok."
"Buta.","Picek."
"Tidak melihat.","Picek."
"Injak.","Pleak."
"Balon.","Plembungan."
"Katapel.","Plintheng."
"Merk minyak rambut.","Pomit."
"Merk minyak rambut.","Pomade."
"Sekali.","Por."
"Sekali.","Pol."
"Bau khas yang muncul dari binatang (kambing)","Prengus."
"Putih.","Puteh."
"Pukul.","Pupoh."
"Hajar.","Pupoh."
"Memakai bedak.","Pupuran."
"Putih banget.","Putir."
"Amat sangat.","Raupakat."
"Benar.","Re."
"Ke.","Reng."
"Pemain lompat tali dari rangkaian karet gelang.","Sakdengan."
"Rok.","Sayak."
"Kunci.","Sogok."
"Lempar.","Sawat."
"Berputar sangat kencang.","Senet."
"Tempat nasi.","Senik."
"Sisir yang sangat rapat.","Serit."
"Mlancong.","Sobo."
"Tanpa.","Sonder."
"Ditinju dagunya dari arah bawah ke atas.","Songgo."
"Gerobak kayu dorong.","Songkro."
"Mlancong.","Sonjo."
"Celana pendek.","Sual."
"Robek.","Suwek."
"Terima kasih","Suwun."
"Sepi.","Suwung."
"Kosong.","Suwung."
"Tampari.","Taboi."
"Sih.","Tah."
"Bawahan kebaya.","Tapeh."
"Bawahan kebaya.","Jarit."
"Awas.","Titeni."
"Wadah alat tulis","Tepak."
"Kacamata.","Teskmak."
"Kaleng.","Tempolong."
"Bengong.","Tola-tolo."
"Tidak mau.","Ugik."
"Tidak mau.","Ogak."
"Naik kendaraan umum.","Umbal."
"Ingus.","Umbel."
"Berbohong.","Umblog."
"Banyak bicara.","Umeg."
"Menyombongkan diri.","Umuk."
"Sok asik.","Undak-unduk."
"Sok asik.","Nggembelo."
"Panggil.","Undang."
"Air putih.","Watah."
"Spatula.","Wawal."
"Kutu rambut.","Welingsang."
"Hitam pekat.","Welingsang."
"Top.","Welug."
"Jagoan.","Welug."
"Panggilan untuk anak perempuan.","Wuk."
"Duduk.","Yayak."
"Panggilan anak balita perempuan.","Yun."
"Awas kau!","Titeni kowe!"
"Gimana sih?","Piye tah?"
"Tidak bisa dibilangin.","Ra iso di kandani."
"Iya.","He'e, re"
"Mengendarai motor dengan kecepatan tinggi.","Numpak montor buantere por/pol."
"Lho, kakinya basah ik.","Ndu, sikile teles ik."
"Emang itu anaknya kok.","Ancen iku anake ndo'o."
"Bocah kok ga bisa diam!","Bocah kok ra iso nderok!"
"Hartanya sangat banyak.","Ndonyane mberuhe rak meneni."
"Bagaimana kabarnya kak.","Piye kabare, Nda?"
"Kamu mau mencangkul.","Kowe arep menthal."
"Hartanya sangat banyak.","Ndonyane akehe ra mekakat."
"Pintunya sudah dikunci belum?","Lawange wis dikancing durung?"
"Penyanyi wayang.","Sindhen."
"Aku mau menyumbang.","Aku meh menyumbang."
"Saya hajar kamu.","Tak gibal koe."
"Kepala anda.","Ndasem."
"Saya tendang pakai tumit kepalamu nanti.","Tak dupak ndasem sisan kwe ngko."
"Mukamu ta cari.","Dapurmu ta goleki."
"Bocah itu kalo sama temennya.","Bocah kuwi nek karo kancane."
"Lipstik.","Gincu."
"Tawar banget.","Anyep banget."
"Baju masih dingin.","Klambi iseh anyeb."
"Kamu pergi dengan siapa.","Kowe lungo ambi sopo."
"Tidak pelit sama sekali.","Breh tenan ora tau itung itungan."
"Ke tempat orang punya hajat.","Reng gong."
"Tadi malem tidak ada.","Ndek bengi ora ono."
"Kok di pakai sih nak."," Kok dienggo to le."
"Mencangkul di mana bang.","Menthal neng ngendi kang."
"Minuman ini.","Wedang iki."
"Memasak sayur.","Kelan."
"Samping.","Ngiringan."
"Menanak nasi.","Adang."
"Peci.","Kethu."
"Mencari.","Luru."
"Masjid.","Sigit."
"Melimpah.","Nyegurah."
"Pujian.","Nyolo."
"Menjemput.","Mapak."
"Mahal.","Maliter."
"Kalo mau masuk.","Nek arep mlebu."
"Masuk rumah.","Mlebu omah."
"Pintunya terkunci.","Lawange kancingan."
"Kuncinya saya taroh di pot bunga.","Kuncine tak dokok pot kembang."
"Pot samping rumah ya.","Pot ngiringan omah yo."
"Adek saya rajin sekali.","Adiku sregepe por."
"Setelah salat subuh.","Bar subuhan."
"Bersih-bersih rumah.","Resik-resik omah."
"Lalu menanak nasi.","Trus adang."
"Memasak lauk.","Masak lawoh."
"Baru berangkat sekolah.","Nembe budhal sekolah."
"Kamu kemarin saya cari.","Koe ndek ingi tak luru."
"Di rumah kok tidak ada.","Ning omah kok ra ono."
"Pergi kemana kamu.","Lungo rengndi koe."
"Rumah sudah punya.","Omah wis duwe."
"Mobil 16 biji.","Mobil 16 iji."
"Uang melimpah.","Duik nyegurah."
"Kok tidak segera mencari pasangan.","Kok ra ndang golek bojo."
"Mau menunggu hari kiamat.","Ape negnteni kiamat."
"Kakak itu mengajar bahasa Inggris.","Mas itu mulang boso Inggris."
"Mengajari nya sangat bagus.","Mulang e ncen ciamik."
"Belum dijelaskan.","Durung diterangno."
"Muridnya sudah paham.","Muride wis mudeng."
"Aku sampai heran.","Aku sampek heran."
"Tidak bisa ikut nongkrong.","Ora iso melu ngopi."
"Karena menjemput Keponakkannya.","Amergo ma-pak ponakane."
"Sudah pukul 11 lho.","Wis jam 11 lho."
"Anakmu tidak kamu jemput dulu.","Anakmu ora mbuk papak sik."
"Halah pujian.","Halah nyolo."
"Rusak.","Amoh."
"Buang air kecil tidak tuntas.","Anyang-anyangen."
"Teduh.","Aup."
"Teduh.","Iup."
"Berteduh.","Ngaup."
"Berteduh.","Ngiup."
"Tempat berteduh.","Aupan."
"Tempat berteduh.","Iyupan."
"Benang.","Bolah."
"Ingin mencoba.","Kemecer."
"Ingin memiliki.","Kemecer."
"Jarum jam.","Pandom."
"Terbelah.","Sigar."
"Sangat ahli.","Horduk."
"Warna putih yang sudah pudar.","Mangkak."
"Pisau lipat tipis.","Pemes."
"Orang kaya.","Dhaoke."
"Membeli beras.","Nempur."
"Apa-apa.","Ndah ndeh."
"Alat untuk memukul kasur.","Tebah."
"Memukul kasur.","Nebahi."
"Jalan berlumpur.","Mathol."
"Muat.","Kamot."
"Muatan.","Momot"
"Berjualan di even tertentu.","Mremo."
"Makanan yang sudah tidak renyah.","Mlempem."
"Sangat.","Neni."
"Berpotensi kurang.","Cumpon."
"Merayu.","Engkek."
"Pembicaraan bisnis.","Ngglenik."
"Umpatan.","Kakekane."
"Terlantar.","Kapiran."
"Kesiangan.","Karipan."
"Terjebak.","Kepothok."
"Bak mandi.","Kulah."
"Makan siang.","Laut."
"Makan siang.","Lautan."
"Ruang.","Longan."
"Spasi dibawah tempat tidur.","Ngisor Longan."
"Bergerak pelan pergi.","Mlipir."
"Pergi sendiri.","Pirwe."
"Menggeliat.","Ngerobi."
"Meninggalkan tugas.","Ngulo."
"Pekerja tidak tetap.","Pocokan."
"Bekerja tidak tetap","Mocok."
"Ketinggalan.","Tlisiban."
"Air putih.","Wantah."
"Pesan.","Wekas."
"Pacaran.","Yang yangan."
"Teman saya ditabrak becak.","Koncoku ditubruk becak."
"Tapi bocahnya tidak apa-apa.","Tapi bocah e ra ndah ndeh."
"Malahan becaknya yang rusak.","Malah becake sing amoh."
"Kalau buang air kecil tidak tuntas.","Lek anyang-angen."
"Kesini lho nak.","Mrene lho nang."
"Berteduh disini.","Ngaup kene."
"Dari pada disana.","Timbang ning kono."
"Disana kepanasan.","Ning kono kepanasen."
"Ayo cari tempat meneduh.","Ayo golek aupan."
"Dari pada kehujanan.","Timbang kudanan."
"Pohonnya jangan ditebangi.","Mbok wit e ojo ditegori."
"Biar teduh.","Ben iyup."
"Kok selalu menang.","Kok menangan."
"Benangmu kamu kasih apa.","Bolahmu mbok kei opo."
"Pasti kepengen.","Mesti kemecer."
"Kalau tau.","Nek reti."
"Kepala manyung.","Ndas manyung."
"Pukul sepuluh itu.","Jam sepuluh kuwi."
"Jarum jam di angka dua belas.","Pandom dowo ning ongko rolas."
"Ayo pulang.","Ayo mulih."
"Jarum jamnya sudah tumpuk ini.","Pandome wis tumpuk iki."
"Rambutnya tidak bisah dibelah.","Rambute ora iso disigar."
"Dibelah tengah.","Disigar tengah."
"Atau di belah samping.","Utowo di sigar pinggir."
"Karena keriting.","Amergo brintik."
"Dan pendek.","Tur cekak."
"Motormu bawa.","Motorem gowo."
"Kesana saja pak lek.","Rono ae lek."
"Montirnya sangat ahli.","Montire horduk jumuah wage iku."
"Baju seragammu.","Klambinem seragam."
"Kalo nyuci.","Nek ngumbahi."
"Tidak kamu kasih pemutih kan.","Ora mbuk kei pemutih ra."
"Makannya jadi pudar.","Mulane dadi mangkak."
"Pinjami pisau kecilmu dong.","Silahi pemes em re."
"Mau tak pakai.","Ameh ta nggo."
"Meraut pensil ini lho.","Nyisiki petelot iki lho."
"Wah kamu setiap minggu kok pergi.","Wah koe mben minggu kok lungo."
"Pergi piknik terus.","Lungo piknik ae."
"Seperti orang kaya.","Koyo dhaoke."
"Disuruh nenek.","Diutus simbah."
"Beli beras di kak Kemi.","Nempur ning Yu Kemi."
"Tapi malah pergi.","Neng malah ngeliyek."
"Sampai sekarang belum pulang.","Nganti yah mene rung mulih."
"Orang itu.","Wong kae."
"Kasurnya sudah dijemur.","Kasure wes dipepe."
"Dijemur seharian.","Dipepe sedino."
"Dipukuli kasurnya dulu.","Ditebahi sek."
"Sebelum dimasukkan.","Sak durunge dilebokno."
"Halamannya dia.","Latare wonge."
"Kalo musim hujan.","Nek wayah udan."
"Halamannya berlumpur.","Latar e mathol."
"Makanya jangan lewat.","Mulane ojo liwat."
"Biar tidak kena lumpur.","Ben ora kepathol."
"Mobil kamu ini bisa muat.","Mobilem ki iso kamot."
"Untuk berapa orang.","Nggo wong piro."
"Mobilnya penuh.","Mobile kebak."
"Karena dipakai.","Amergo dinggo."
"Memuat kulkas 6 pintu.","Momot kulkas 6 pintu."
"Sudah saya tandai.","Wis ta titeni."
"Setiap ada pasar malam.","Angger ono pasar malam."
"Pasti banyak orang yang jualan.","Mesti akeh wong mremo."
"Krupuknya sudah tidak renyah.","Krupuke wes mlempem."
"Jangan di makan.","Ojo dipangan."
"Menutup tempat krupuknya yang rapat.","Nutup blek e sing rapet."
"Biar tetap renyah kerupuknya.","Ben ra do mlempem krupuk e."
"Rumahnya jauh sekali.","Omahe adohe neni."
"Tidak berani beli mobil.","Ra wani tuku mobil."
"Mobil dulu bro.","Mobil sik bro."
"Gaji masih berpotensi kurang ini.","Bayaran ijeh cumpon iki."
"Jamuan rapat RT.","Sogatan rapat RT."
"Jamuannya tambah lagi.","Sogatanne tambai."
"Lebih banyak tidak apa apa.","Poro akeh rapopo."
"Dari pada berpotensi kurang.","Timbang cumpon."
"Walaupun ganteng.","Senajan bagus."
"Tapi tidak berani merayu.","Ning ra wani engkek."
"Makanya sampai sekarang.","Mulane nganti sak iki."
"Tidak punya pacar.","Rung duwe yang."
"Jarang nongkrong sekarang.","Jarang ngopi sak iki."
"Mungkin lagi sibuk bisnis.","Mungkin lagi sibuk ngglenik."
"Vespa milik bapakku.","Vespane bapakku."
"Sudah di bicarakan banyak orang.","Wis diglenik wong akeh."
"Tapi tetap tidak dijual.","Ning tetep ora didol."
"Wah malah telat ini kakek ane","Wah lha malah telat iki kakek ane."
"Ditunggu tidak datang datang kakek ane.","Dienteni ra teko teko kakek ane."
"Percuma saya jemput jauh jauh.","Tiwas tak parani adoh adoh."
"Malah dia tidak ada di rumah.","Malah ora ning omah wonge."
"Terlantar saya.","Kapiran aku."
"Aku tidak berangkat sekolah.","Aku ora mangkat sekolah."
"Karena kesiangan.","Amergo karipan."
"Kamu terlihat mengantuk.","Koe ketok ngantuk."
"Iya kurang tidur iki.","Iya karipan iki."
"Karena terjebak hujan.","Amergo kepothok udan."
"Ayo bak mandinya di penuhi.","Ayo kulahe dikebaki."
"Nenek mau mandi.","Simbah arep siram."
"Ayo makan siang dulu gaess.","Ayo laut sek gaess."
"Sudah jam 12 lho ini.","Wis jam 12 lho iki."
"Kerjaannya ditinggal dulu.","Gweane ditinggal sik."
"Nanti setelah makan siang.","Mengko bar lautan."
"Dilanjutkan lagi.","Diteruske maneh."
"Aku kalo sembunyi.","Aku nek delek."
"Suka sembunyi.","Seneng delek."
"Sembunyi dibawah tempat tidur.","Ndelik ning ngisor longan."
"Ngobrolnya tidak asik sama sekali.","Njagonge ra asyik blas."
"Saya tinggal pergi saja.","Tak tinggal mlipir wae ra."
"Wah kamu tinggal.","Wah mbok tinggal."
"Pergi sendiri gan.","Pirwe gan."
"Temanku terkena ulat.","Koncoku keno uler."
"Sampai menggeliat.","Nganti ngerobi."
"Bisa saya tandai.","Iso tak titeni."
"Setiap biduan dangdut keluar.","Angger biduan dangdut metu."
"Tetangganya keluar dari rumah.","tanggane metu soko omah."
"Pasti langsung menggeliat.","Mesti langsung ngerobi."
"Ini manusianya.","Iki menungsoe."
"Pada dimana.","Do ning ndi."
"Setiap ada pekerjaan.","Angger ono gawean."
"Pekerjaan berat.","Gawean abot."
"Kok malah pada meninggalkan tugas.","Kok malah do ngulo."
"Tidak jelas ini hasil ngecatnya.","Ra nggenah iki hasil cat e."
"Yang mengerjakan pekerja pengganti.","Sing garap pocokan."
"Pekerja tidak tetap atau bagaimana kak.","Pocokan tah piye kang."
"Aku kalo pagi.","Aku nek isuk."
"Bekerja tidak tetap di bengkel.","Mocok ning bengkel."
"Aku di rumahmu.","Aku ning omahmu."
"Tidak ketemu.","Ora ketemu."
"Baru saja dia pergi.","Nembe ae wonge lungo."
"Ketinggalan ini tadi.","Tlisiban iki mau."
"Kalau aku meminta.","Lek aku njaluk."
"Meminta air putih.","Njaluk Watahe."
"Air putihnya yang dingin ya.","Watahe sing ancles yo."
"Haus sekali ini.","Ngelake pol iki."
"Kamu tadi diberi pesan.","Kowe mau diwekasi."
"Dipesani apa oleh ibu.","Diwekasi opo karo inu."
"Tumben sudah mandi.","Tumben bar adus."
"Pakai baju baru.","Nganggo klambi anyar."
"saya beri pertanyaan.","Tak takoni."
"Ternyata mau pergi.","Jebule arep lungo."
"Pergi pacaran.","Lungo yang-yangan."
"Pacarmu sudah pernah.","Yang mu wis tau."
"Kamu kenalkan dengan orang tuamu.","Mbok kenalno wong tuamu."
"Apa belum.","Tah durung."
"Obatnya apa ya.","Obate opo yo."
"Cepetan.","Cekat ceket."
"Yaudah cepetan mandi.","Wis gage li cekat ceket adus."
"Ini bocah kerjaannya tidak cekatan.","Bocah temandang gawe ra iso cekat ceket."
"Jakun.","Kalamenjing."
"Kenyataan.","Kasunyatan."
"Nyata.","Nyoto."
"Kondisi.","Kahanan."
"Kondisi saat pandemi.","Kahanan pandemi."
"Suasana.","Swasana."
"Demam.","Ketisen."
"Sayur rebung.","Jangan bung."
"Kupas.","Ocek."
"Ngatmini menangis.","Ngatmini nangis."
"Saya kira patah hati.","Tak kiro patah hati."
"Ternyata kupas kupas bawang merah.","Jebul ocek ocek brambang."
"Karena habis kupas bawang merah.","Amergo bar ocek brambang."
"Dapur.","Wajah."
"Dapurmu.","Wajahmu."
"Seharusnya.","Jane."
"Seharusnya kamu tidak usah main dulu.","Sak jane koe ora usah dolan sik."
"Isoman saja di rumah.","Isoman ae nek omah."
"Selalu.","Tansah."
"Semoga selalu berkah.","Mugi tansah berkah."
"Diberikan berkah oleh tuhan.","Pinaringan berkahing gusti."
"Menghindar.","Endo."
"Bahagia.","Bungah."
"Memungkinkan.","Jigar."
"Damprat.","Sosot."
"Kamu sudah pernah.","Koe ndak wis tau."
"Didamprat orang.","Disosotno wong."
"Membantu.","Tatur."
"Kejar.","Gudak."
"Kenal.","Suwur."
"Anak itu.","Cah iku."
"Tekenal punya kelebihan.","Kesuwur linuwih."
"Kumpul.","Awor."
"Aktivitas yang tidak perlu.","Setilah."
"Datang.","Moro."
"Tesedak.","Keloloden."
"Enek.","Blenger."
"Menelan.","Kolu."
"Doyan.","Kolu."
"Aku tidak doyan makan.","Aku ra kolu mangan."
"Sobek.","Bedah."
"Celana pangan sobek.","Katoke pangat bedah."
"Karena pantatnya terlalu besar.","Amergo kegeden bokong."
"Mengangkat ujung kain.","Cincing."
"Anggap.","Reken."
"Timpuk.","Sawat."
"Sambit.","Sawat."
"Mampu.","Kelar."
"Kalau belum mampu.","Nek rung kelar."
"Beli rumah.","Tuku Omah."
"Ya nabung.","Yo nyelengi."
"Jangan malah mencuri.","Ojo malah maling."
"tumbuhnya jarang-jarang.","Kremun-kremun."
"Jalan.","Ratan."
"Pagar.","Kilung."
"Kumur.","Kemu."
"Tidak tau malu.","Ngepluk."
"Anak itu ngepluk.","Cah iku ngepluk ncen."
"Makan tidak ikut iuran.","Mangan ra urunan."
"Ambil lauknya paling banyak.","Njipuk lawuhe paling akeh."
"Bulu burung.","Elar."
"Goda.","Bedo."
"Sudah tau adekmu.","Wes reti adinem."
"Cengeng kok.","Gembeng kok."
"Masih saja digoda.","Ijeh dibedo ae."
"Dilanggar.","Terak."
"Sudah tau.","Wes reti."
"Nikung pasangannya orang.","Nikung bojone wong."
"Itu tidak bagus.","Iku ra apik."
"Kok masih kamu langgar.","Kok ijek mbuk terak."
"Kuat.","Pengkoh."
"Tubuhnya kuat.","Awakke pengkoh."
"Tapi kalo kena es.","Tapi nek keno es"
"Radangnya umat.","Radang e umat."
"Menggenang.","Ngecembeng."
"Tiriskan.","Tus."
"Tanda.","Tenger."
"Berantakan.","Kledak."
"Tau rumah.","Reti omah."
"Berantakan kok.","Ting kledak kok."
"Tidak mau beresin.","Ra reti nandangi."
"Mengagetkan.","Be."
"Adiknya dikageti.","Adine di be."
"Sampai pucat.","Nganti pucet."
"Anak itu.","Cah iku."
"Kalo dateng.","Nek dolan."
"Selalu tiba tiba.","Senenganne nge be."
"Tidak mau.","Ra gelem."
"Kasih kabar dulu.","Ngabari sik."
"Ganti rugi.","Tempoh."
"kemarin ditabrak.","Ndek ingi ditabrak."
"Lalu minta ganti rugi.","Trus njaluk tempoh."
"Lima puluh ribu.","Seket ewu."
"Dipegang.","Ulik ulik."
"Belum sempat kepegang.","Rung kober tak ulik ulik."
"Besok ya.","Sesuk yo."
"Semuga saya ada waktu.","Mugo mugo selo aku."
"Berkeliling.","Ider."
"Yang biasanya keliling.","Sing biasane ider."
"Sudah lewat belum.","Wis liwat tah durung."
"Undangannya sudah di sebar.","Undanganne wis diiderno."
"Tipis.","Lemir."
"Dibiarkan terbuka.","Ler."
"Kok pahanya dibiarkan terbuka.","Kok pupune di ler."
"Enam puluh.","Sewidak."
"Cadel.","Pelo."
"Membawa.","Mbrengkut."
"Dandan.","Macak."
"Pasangannya dia.","Bojone cah kae."
"Sepertinya tidak bisa dandan.","Koyone ra iso macak."
"Masak memilih lipstik.","Mosok milih lipen."
"Malahan seperti orang.","Malah koyo wong."
"Setelah pulang opname.","Bar mulih opname."
"Duapuluh lima","Selawe."
"Memebeli dalam jumlah besar.","Kulak."
"Lahan lapang.","Oro-oro."
"Mengikat.","Bondo."
"Maling itu diikat.","Malinge dibondo."
"Diikat kaki.","Dibondo sikil."
"Dan diikat tangannya.","Karo dibondo tangane."
"Biar tidak bisa kabur.","Ben ga iso mlayu."
"Apes.","Sobek."
"Wah apes nih kak.","Wah sobek iki kang."
"Puluh.","Jinah."
"Sepuluh.","Se-jinah."
"Dua puluh.","Rong-jinah."
"Delapan puluh.","Wolun-jinah."
"Bermain air.","Ciblon."
"Papan tulis.","Blabak."
"Papan tulisnya di hapus dulu.","Blabake dibusek sik."
"Sebelum gurunya masuk kelas.","Selak gurune mlebu kelas."
"Kotak.","Pesagi."
"Tahunya dipotong kotak.","Tahune dirajang pesagi."
"Kotak kecil-kecil ya.","Pesagi cilik-cilik yo."
"Jangan malah panjang panjang.","Ojo malah dowo dowo."
"Nanti malah dikira kacang.","Ngko ndak dikiro kacang."
"Cabut.","Bubut."
"Karpet.","Bubut."
"Berharap.","Ngalup."
"Dewasa.","Ndolor."
"Cepat.","Gelis."
"Bocah itu kalau mengerjakan.","Cah iku lek nggarap."
"Mengerjakan ulangan.","Nggarap ulangan."
"Kok cepat ya.","Kok gelis hera."
"Dikerjakan dengan benar.","Digarap tenan."
"Atau dikarang itu.","Tah diawur iku."
"Masing masing.","Edhang."
"Lima rupiah.","Mangpi."
"Beranjak.","Menyat."
"Intruksi.","Aban."
"Aku mau parkir.","Aku meh parkir."
"Tolong beri intruksi.","Tolong abani."
"Agar tidak nabrak.","Ben ora nabrak."
"Bergeser.","Mingser."
"Lemari itu didorong.","Lemarine disurung."
"4 orang.","Wong 4."
"Tidak bergeser sama sekali.","Ora mingser babar blas."
"Bongkar.","Dudah."
"Setelah tasnya dibongkar.","Bareng tase didudah."
"Ternyata ada.","Jebule ono."
"Kulkas dan tv.","Kulkas mbi tipi."
"Masih.","Meso."
"Sudah dinasehati.","Wis dikandani."
"Berkali kali.","Bola bali."
"Tapi masih nekat dilakukan.","Meso nekat dilakoni."
"Bohong.","Goroh."
"Sampai tujuan.","Tutug."
"Lanjutkan tujuanmu.","Tutugno olehem."
"Ingin menjadi gentho.","Arep dadi gentho."
"Rapi berpakaian.","Mlitit."
"Kamu bicara.","Koe ngmong."
"Jujur saja.","Bloko wae."
"Apa tujuanmu.","Opo tujuanmu."
"Kesini.","Teko mrene."
"Daripada dilempari.","Timbang diantemi."
"Orang satu dusun.","Wong sak dusun."
"Jujur.","Bloko."
"hilang dari tatanan.","Gothang."
"Ada gigi yang hilang dari deretannya.","Untune gothang."
"Asap.","Pego."
"Jangan bakar bakar.","Ojo obong obong."
"Bakar sampahnya.","Obong larahanne re."
"Asapnya masuk.","Pegone mlebu."
"Masuk rumah nih lho.","Mlebu omah ki lho."
"Menyambut.","Nyamohi."
"itu lho bupati.","Kae lho bupathi."
"Bupatinya datang.","Bupathine moro."
"Disambut dulu.","Mbok disamohi sik."
"Tambah.","Imboh."
"Kalau nasinya kurang.","Nek segone kurang."
"Ambil saja.","Angger njupuk."
"Ambil tambah.","Jupuk imboh."
"Di magicom.","Ning megjijer."
"Tamu.","Dayoh."
"Medayoh.","Bertamu."
"Itu lho tamunya.","Kae lho dayohe."
"Tamunya datang.","Dayohe teko."
"Jamuannya.","Sogatanne."
"Cepat Sediakan.","Gage cepakno."
"Sedia.","Cepak."
"Menyediakan.","Nyepaki."
"Sediakan.","Cepakno."
"Uangnya sediakan.","Duite cepakno."
"Mau saya pakai.","Ape ta nggo."
"Pakai belanja.","Nggo blonjo."
"Nasi berkeringat.","Umes."
"Nasinya sudah berkeringat.","Segone wis umes."
"Jangan dimakan.","Ojo dipangan."
"Beli saja.","Njajan ae."
"Pelit.","Owel."
"Orang punya uang.","Wong due duik."
"Tapi kok.","Ning kok."
"Pelitnya gitu.","Owele ngono."
"Kadaluarsa.","Buki."
"Piawai.","Andik."
"Temanmu.","Kancanem."
"Itu kalau disuruh mengkritik.","iku nek kon maido."
"Piawai sekali.","Andikke pol."
"Ketagihan.","Tuman."
"Anak kamu jangan.","Anakem ojo."
"Kamu biasakan.","Mbok kulinakno."
"Biasakan minum kopi.","Kulinakno ngopi."
"Harga lima puluh ribu.","Rego seket ewu."
"Nanti ketagihan.","Ndak tuman."
"Titian.","Wot."
"Meniti.","Nguwot."
"Beramai ramai.","Dampyak dampyak."
"Tetanggamu.","Tonggonem."
"Jalan ramai ramai.","Mlaku dampyak dampyak."
"Mau melihat.","Menh delok."
"Sempat.","Kober."
"Sempat tidak sempat.","Kober ra kober."
"Harus dibalas.","Kudu dibales."
"Cengeng.","Gembeng."
"Ngoceh.","Ngroweng."
"Ubin.","Jobin."
"Lantai.","Lepo."
"Tangga.","Bancik."
"Teras.","Jogan."
"Disayangkan.","Mboeman."
"Kalau tidak terbiasa.","Nek ra biasa."
"Makan banyak.","Mangan akeh."
"Kamu ambilkan nasi.","Mbuk jupukke sego."
"Sedikit saja.","Sitik ae."
"Disayangkan kalau tersisa.","Mboeman nek nyiso."
"Bimbang.","Semang."
"Aku mau ikut.","Aku ape melu."
"Arisan motor itu.","Arisan motor iku."
"Tapi rasanya.","Ning rasane."
"Kok bimbang.","Kok semang."
"Jangan jangan.","Ojo ojo."
"Penipu penipu saja."," Apus apus entok."
"Berlari.","Mlandang."
"Kalau berlari.","Nek mlandang."
"Menggigil.","Ndrodok."
"Karena tidak terbiasa.","Amergo ra biasa."
"Memakai AC.","Nganggo AC."
"Tubuhnya sampai.","Awakke nganti."
"Menggigil kedinginan.","Ndrodog ketisen."
"Turunan.","Ndrojog."
"Kamu kalau turunan.","Kowe lek ndrojog."
"Jangan kamu rem.","Ojo mbok rem."
"Rem depan.","Rem ngarep."
"Bisa terbalik.","Iso njempalik."
"Poligami.","Wayoh."
"Kakak laki lakimu ini.","Masmu iki."
"Sudah punya 5 pasangan.","Wes duwe bojo 5."
"Tapi kalau kamu mau.","Nanging nek koe gelem."
"Saya poligami.","Tak wayoh."
"Nanti ta belikan.","Ngko tak tukokno."
"Pesawat.","Motor mabur."
"Uban.","Wan."
"Dengar.","Ndungu."
"Kamu dari kemarin.","Kowe ket wingi."
"Saya ajak bicara.","Tak omongi."
"Tidak dengar.","Ra ndungu."
"Kok tidak cepat.","Kok ra gage."
"Rotan.","Menjalin."
"Kursi kalau dari.","Kursi nek soko."
"Dari rotan.","Soko menjalin."
"Biasanya awet.","Biasane awet."
"Sangat awet.","Awet e ra mekakat."
"Gemetar.","Ngomplok."
"Takut.","Mbediding."
"Larut.","Jeri."
"Bumbu pecelnya.","Bumbu pecele."
"Dilarutkan dulu.","Di jeri sik."
"Jangan kebanyakan air.","Ojo kakean banyu."
"Terus menerus.","Globot."
"Bajunya.","Klambine."
"Karena terus menerus.","Amergo diglobot."
"Terus menerus tiap harinya.","Diglobot bendino."
"Mengambil dari tumpukan.","Dudut."
"Memanggil orang lebih tua.","Njangkar."
"Berkaca kaca.","Brambang."
"Sampai berkaca kaca.","Nganti brambang."
"Karena Minum kopi.","Amergo ngopi."
"Tidak tau waktu.","Ra reti wayah."
"Kira.","Tenggoh."
"Sangka.","Senggoh."
"Kamu kira rumahnya.","Tenggohem omahe."
"Rumahnya dekat.","Omahe cedak."
"Sangat jauh.","Adohe rak nemeni."
"Bentak.","Getak."
"Tubuhnya sih.","Awakke sih."
"Besar tinggi berambut panjang.","Gede duwur gondrong."
"Tapi dibentak.","Ning digetak."
"Bentak pasangannya.","Getak bojone."
"Modal.","Paitan."
"Kalau kerja.","Lek kerjo."
"Itu kerjanya.","Kae mbogaene."
"Modal bicara.","Paitan abab."
"Tapi batinnya.","Ning batine."
"Tekor.","Torok."
"Kalau tekor.","Nek torok."
"Setiap hari kayak begini.","Mbendino ngene."
"Laci.","Sorok."
"Membeli sedikit.","Tempil."
"Nak gulanya habis.","Nang gulone entek."
"Coba membeli sedikit.","Jajal nempil."
"Di warung dia.","Ning warunge."
"Lha iya.","Hanjo."
"Suguh.","Sogat."
"Suguhan.","Sogatan."
"Suguhi.","Sogati."
"Kamu kemarin.","Koe ndek ingi."
"Menemui bupati.","Metuki bupati."
"Disuguhi apa kak.","Disogati opo kang."
"Bertebaran.","Mblader."
"Anak iku.","Cah iku."
"Silau.","Blereng."
"Tapi mantannya.","Ning mantane."
"Mantanya bertebaran.","Mantane blader."
"Galak.","Ladak."
"Jadi orang.","Dadi wong."
"Jangan galak galak.","Ojo ladak ladak."
"Nanti susah.","Ndak angel."
"Dapat jodoh","Entuk jodo."
"Tenggoroan.","Telak."
"Tenggoroan anak itu.","Telake cah iku."
"Isinya apa ya.","Isine opo yo."
"Kalau bicara.","Nek ngomog."
"Kok keras gitu.","Kok bantere ngunu."
"Lampu.","Dilah."
"Dzuhur.","Bedug."
"Terang sekali.","Bentir."
"Lampu motormu.","Lampu motorem."
"Matikan saja.","Pateni re."
"Terang sekali.","Bentire pol."
"Sembuh.","Mari."
"Asam uratmu.","Asam uratem."
"Sudah sembuh","Wis mari."
"Atau belum.","Tah durung,"
"Kalau belum.","Nek durung."
"Aku punya obatnya.","Aku duwe obate."
"Saya jamin manjur.","Tak jamin mandi."
"Manjur.","Mandi."
"Antuk.","Tatap."
"Terantuk.","Ketatap."
"Karena terantuk.","Amergo ketatap."
"Hanya.","Sarasan."
"Tadi pagi.","Ndek isuk."
"Aku sahur.","Aku saur."
"Hanya mie rebus.","Mie godog sarasan."
"Kalau kamu sahur apa.","Nek saurmu opo."
"Hanyut.","Keli."
"Masih seperti dulu.","Ijeh koyo ndisik."
"Hanyut aku.","Keli aku."
"Tumpul.","Bujel."
"Ternyata.","Mandak."
"Percuma saya tunggu.","Tiwas ta enteni."
"Dua jam.","Rong jam."
"Ternyata tidak jadi.","Mandak ane ra sido."
"Tidak jadi datang.","Ra sido teko."
"Gitu kok.","Ngono kok."
"Tidak sms.","Ra sms."
"Mengalami.","Menangi."
"Besok sudah puasa.","Sesok wis poso."
"Nanti malam.","Mengko bengi."
"Sudah tarawih.","Wis traweh."
"Semoga.","Mugo mugo."
"Teman teman semua.","Konco konco kabeh."
"Masih bisa.","ijeh iso."
"Mengalami hari raya.","menangi bada."
"Sekalian.","Ngiras."
"Banyak omong.","Padon."
"Tau kalau temannya.","Reti nek kancane."
"Temannya bekerja.","Kanacane mbogae."
"Tidak membantu.","Ora ngewangi."
"Malah banyak omong terus.","Malah padon ae."
"Saya tendang.","Tak pancal."
"Aku tidak bau banyak omong.","Aku moh pandon."
"Langsung saya lempari.","Angger tak tapuk."
"Mulutnya.","Cangkeme."
"Pakai uang.","Nggo duik."
"Seratus ribu lima.","Atusan ewu limo."
"Terus saya tinggal.","Trus tak tinggal."
"Pacaran lagi.","Yangyangan neh."
"Mengembang.","Mongkok."
"Membuat bolu.","Nggawe bolu."
"Tapi tidak bisa.","Ning ra iso."
"Tidak bisa mengembang.","Ra iso mongkok."
"Karena resepnya.","Amergo resepe."
"Ada yang kurang.","Ono sing kurang."
"Bodoh.","Goblak."
"Bergegas.","Ngingkik."
"Dibentak ibunya.","Disentak bokne."
"Lanagsung bergegas.","Langsung ngingkik."
"Beli lauk.","Tuku lawoh"
"Ngamen.","Mbarang."
"Bersama.","Ambi."
"Aku melihat.","Aku delok."
"Bersama temanku.","Ambi koncoku."
"Beli permen kapas.","Tuku arum manis."
"Tahu.","Tumon."
"Satu satunya.","Sepolo."
"Punya anak.","Duwe anak."
"Anak satu satunya.","Anak sepolo."
"Malah tidak pandai.","Malah ora pinter."
"Sama orang tuanya.","Karo wong tua ne."
"Terperanjat.","Jenggirat."
"Petirnya keras sekali.","Gluduge bantere por."
"Anakku","Anakku."
"Sampai terperanjat.","Nganti jenggirat."
"Kilap.","Gilap."
"Motormu.","Motorem."
"Kok kilap sekarang.","Kok ngilap saiki."
"Kamu cuci.","Mbok gosok."
"Dengan apa.","Karo opo."
"Menyingsingkan.","Wingkis."
"Pulang pulang kok","Mulih mulih kok."
"Menerangi.","Suloh."
"Apa dijalan.","Opo ning dalan."
"Jalan banjir.","Dalan banjir."
"Yah lampunya mati.","Wah lampune mati."
"Tolong terangi.","Tulung sulohi."
"Saya carikan lilin.","Tak golek lilin."
"Di lemari.","Ning lemari."
"Dilap.","Kesut."
"Pukul.","Pupoh."
"Wajahnya hancur.","Raine ajur."
"Setelah dihajar.","Bar dipupoh."
"Warga sekampung.","Warga sekampung."
"Dipecundangi habis habisan.","Pupoh entok."
"Membasuh.","Wijik."
"Kok sampai kotor.","Kok nganti rusoh."
"Kotor semua kakimu.","Rusoh kabeh sikilem."
"Sana basuh dulu.","kono wijik sik."
"Keburu.","Selak."
"Ayo segera berangkat.","Ayo re ndang mangkat."
"Keburu hujan.","selak udan."
"Manja.","Gendungan."
"Anakmu.","Anakem."
"Andalan.","Gancuk."
"Nanti malah manja.","Mundak gendungan."
"Kesiangan.","Kerinan."
"Wah tadi kesiangan.","Wah mau kerinan."
"Masuk kerjaku.","Mlebu kerjoku."
"Jadi telat.","Dadi telat."
"Berkaca kaca.","Prembik prembik."
"Baru jatuh gitu.","Lagi tibo ngunu."
"Kok sudah berkaca kaca.","Kok wis prembik prembik."
"Ngakunya laki laki.","Ngakune lanang."
